Netra,Patel,netra.patel@ucalgary.ca,Netra-Patel,2021_ENCM369
Goni,Matzliach,goni.matzliach@ucalgary.ca,goniUofC,2021_ENCM369
Ivan Paul,Serrano,ivanpaul.serrano@ucalgary.ca,serranoip,2021_ENCM369
Ryan,Baker,ryan.baker1@ucalgary.ca,ryanbakerucalgary,2021_ENCM369